BlockSize,k,Alpha,ClusteringTime,MiningTime,EncodingTime,CompressionTime,DecompressionTime,ClusterTableSize,CodeTableSize,EncodedImageSize,CompressedSize,ActualSize,JPEG Size,GIF Size,JPEG Cr,GIF Cr,Our Cr,CRP Actual,CRP JPEG,CRP GIF,PSNR,MSE,NormalisedCrossRelation,MaxDiff,AvgDiff,NormalisedAbsoluteError,StructuralContent
4.2.07.tiff
32,8,10,8.11813306808,2.77327680588,1.42728590965,12.7832210064,0.780136108398,9.216,16.3091666667,292.674,318.199166667,786.6,439,209.2,1.79179954442,3.76003824092,2.47203664372,59.547525214,27.5172741078,-52.1028521351,14.151891258494606,17641.333333333332,2.2159845305137057e-05,37.666666666666664,0.4791666666666666,0.0037802063466250264,1.0112387375890812
32,8,22,7.64426398277,2.83703994751,1.03137207031,11.9919350147,0.736928939819,9.216,7.25016666667,307.342,323.808166667,786.6,439,209.2,1.79179954442,3.76003824092,2.42921606363,58.8344563099,26.2395975702,-54.7840184831,14.151891258494606,17641.333333333332,2.2159845305137057e-05,37.666666666666664,0.4791666666666666,0.0037802063466250264,1.0112387375890812
32,8,34,7.60883307457,1.9315469265,0.767508029938,10.793847084,0.788627147675,9.216,3.2865,293.19,305.6925,786.6,439,209.2,1.79179954442,3.76003824092,2.57317402292,61.1374904653,30.3661731207,-46.1245219885,14.151891258494606,17641.333333333332,2.2159845305137057e-05,37.666666666666664,0.4791666666666666,0.0037802063466250264,1.0112387375890812
32,8,46,7.98075509071,1.75829696655,0.501848936081,10.7051370144,0.764788150787,9.216,1.79866666667,295.512,306.526666667,786.6,439,209.2,1.79179954442,3.76003824092,2.56617151308,61.0314433427,30.1761579347,-46.523263225,14.151891258494606,17641.333333333332,2.2159845305137057e-05,37.666666666666664,0.4791666666666666,0.0037802063466250264,1.0112387375890812
32,8,58,8.08981490135,1.70898890495,0.502641916275,10.7746250629,0.725239992142,9.216,1.376,307.961,318.553,786.6,439,209.2,1.79179954442,3.76003824092,2.46929082445,59.5025425884,27.4366742597,-52.2719885277,14.151891258494606,17641.333333333332,2.2159845305137057e-05,37.666666666666664,0.4791666666666666,0.0037802063466250264,1.0112387375890812
32,8,70,7.90571403503,1.67479991913,0.458364963531,10.4891579151,0.749624967575,9.216,1.03183333333,308.55,318.797833333,786.6,439,209.2,1.79179954442,3.76003824092,2.46739443545,59.4714170692,27.3809035687,-52.3890216699,14.151891258494606,17641.333333333332,2.2159845305137057e-05,37.666666666666664,0.4791666666666666,0.0037802063466250264,1.0112387375890812
32,8,82,7.80836892128,1.40621209145,0.427875995636,10.1142308712,0.747367143631,9.216,0.472166666667,351.802,361.490166667,786.6,439,209.2,1.79179954442,3.76003824092,2.17599280017,54.0439655903,17.6559984814,-72.7964467814,14.151891258494606,17641.333333333332,2.2159845305137057e-05,37.666666666666664,0.4791666666666666,0.0037802063466250264,1.0112387375890812
32,8,94,7.88341403008,1.19910502434,0.402410984039,9.94770789146,0.765340089798,9.216,0.3965,352.758,362.3705,786.6,439,209.2,1.79179954442,3.76003824092,2.17070650067,53.9320493262,17.4554669704,-73.2172562141,14.151891258494606,17641.333333333332,2.2159845305137057e-05,37.666666666666664,0.4791666666666666,0.0037802063466250264,1.0112387375890812
32,12,10,8.6857509613,3.28214693069,2.64814782143,15.1553151608,0.791141986847,13.824,18.8396666667,373.462,406.125666667,786.6,439,209.2,1.79179954442,3.76003824092,1.93683892588,48.3694804644,7.48845861807,-94.1327278521,19.008999689450842,10746.444444444443,2.219590312674884e-05,32.333333333333336,0.48003472222222215,0.0037854338326140063,1.0091386711176644
32,12,22,9.94096207619,2.56939506531,1.00041413307,14.0983428955,0.95178604126,13.824,4.10383333333,361.46,379.387833333,786.6,439,209.2,1.79179954442,3.76003824092,2.07334007812,51.7686456479,13.5790812453,-81.351736775,19.008999689450842,10746.444444444443,2.219590312674884e-05,32.333333333333336,0.48003472222222215,0.0037854338326140063,1.0091386711176644
32,12,34,10.6737248898,2.56064295769,0.906018972397,14.7200360298,0.896966934204,13.824,3.2045,369.009,386.0375,786.6,439,209.2,1.79179954442,3.76003824092,2.03762587831,50.9232773964,12.0643507973,-84.5303537285,19.008999689450842,10746.444444444443,2.219590312674884e-05,32.333333333333336,0.48003472222222215,0.0037854338326140063,1.0091386711176644
32,12,46,10.1563100815,1.91739916801,0.71808218956,13.2970721722,0.785717010498,13.824,1.58416666667,387.314,402.722166667,786.6,439,209.2,1.79179954442,3.76003824092,1.95320760839,48.8021654377,8.26374335611,-92.5058158062,19.008999689450842,10746.444444444443,2.219590312674884e-05,32.333333333333336,0.48003472222222215,0.0037854338326140063,1.0091386711176644
32,12,58,8.69665002823,1.76129102707,0.677843093872,11.6136410236,0.78129696846,13.824,1.04633333333,422.136,437.006333333,786.6,439,209.2,1.79179954442,3.76003824092,1.79997391342,44.4436392915,0.454138192863,-108.89404079,19.008999689450842,10746.444444444443,2.219590312674884e-05,32.333333333333336,0.48003472222222215,0.0037854338326140063,1.0091386711176644
32,12,70,9.21034002304,1.63113808632,0.740630865097,12.0319459438,0.859354019165,13.824,1.00066666667,420.427,435.251666667,786.6,439,209.2,1.79179954442,3.76003824092,1.80723029971,44.6667090431,0.853834472285,-108.055289994,19.008999689450842,10746.444444444443,2.219590312674884e-05,32.333333333333336,0.48003472222222215,0.0037854338326140063,1.0091386711176644
32,12,82,9.99658799171,1.74553894997,0.708336830139,13.0157990456,0.79807305336,13.824,0.843333333333,406.406,421.073333333,786.6,439,209.2,1.79179954442,3.76003824092,1.86808315258,46.4691923044,4.08352315869,-101.277884003,19.008999689450842,10746.444444444443,2.219590312674884e-05,32.333333333333336,0.48003472222222215,0.0037854338326140063,1.0091386711176644
32,12,94,8.82834601402,1.0759999752,0.250336885452,10.6363739967,0.910557985306,13.824,0.137833333333,383.718,397.679833333,786.6,439,209.2,1.79179954442,3.76003824092,1.97797306795,49.4431943385,9.41233864844,-90.0955226259,19.008999689450842,10746.444444444443,2.219590312674884e-05,32.333333333333336,0.48003472222222215,0.0037854338326140063,1.0091386711176644
32,16,10,10.8814530373,3.18821287155,2.16881012917,16.7185430527,0.725586891174,19.968,11.9426666667,405.419,437.329666667,786.6,439,209.2,1.79179954442,3.76003824092,1.79864312887,44.4025341131,0.380485952923,-109.048597833,22.27063517474805,8186.444444444444,2.450002890679101e-05,32.0,0.5312500000000001,0.004163553164034315,1.0082161191661196
32,16,22,9.35825490952,3.56338596344,2.76631593704,16.2563328743,1.16751408577,19.968,5.20516666667,414.266,439.439166667,786.6,439,209.2,1.79179954442,3.76003824092,1.79000885598,44.1343546063,-0.100037965072,-110.056963034,22.27063517474805,8186.444444444444,2.450002890679101e-05,32.0,0.5312500000000001,0.004163553164034315,1.0082161191661196
32,16,34,10.9974691868,2.24077415466,1.07973814011,14.8095970154,0.715292930603,19.968,2.13316666667,448.533,470.634166667,786.6,439,209.2,1.79179954442,3.76003824092,1.67136186812,40.1685524197,-7.20596051632,-124.968530911,22.27063517474805,8186.444444444444,2.450002890679101e-05,32.0,0.5312500000000001,0.004163553164034315,1.0082161191661196
32,16,46,9.39713788033,2.06698107719,1.0871360302,13.0462150574,0.745157003403,19.968,1.743,459.389,481.1,786.6,439,209.2,1.79179954442,3.76003824092,1.63500311785,38.8380371218,-9.58997722096,-129.971319312,22.27063517474805,8186.444444444444,2.450002890679101e-05,32.0,0.5312500000000001,0.004163553164034315,1.0082161191661196
32,16,58,9.04419708252,1.97475218773,0.983762979507,12.4652400017,0.726145982742,19.968,1.60016666667,454.075,475.643166667,786.6,439,209.2,1.79179954442,3.76003824092,1.65376074992,39.5317611662,-8.34696279423,-127.362890376,22.27063517474805,8186.444444444444,2.450002890679101e-05,32.0,0.5312500000000001,0.004163553164034315,1.0082161191661196
32,16,70,9.16102004051,1.93761205673,0.928838014603,12.5135500431,0.735525131226,19.968,1.3415,447.453,468.7625,786.6,439,209.2,1.79179954442,3.76003824092,1.67803525239,40.4064963132,-6.77961275626,-124.073852772,22.27063517474805,8186.444444444444,2.450002890679101e-05,32.0,0.5312500000000001,0.004163553164034315,1.0082161191661196
32,16,82,9.21014595032,1.52271604538,0.586048841476,11.7950849533,0.800603866577,19.968,0.438,430.338,450.744,786.6,439,209.2,1.79179954442,3.76003824092,1.74511474362,42.6971777269,-2.67517084282,-115.460803059,22.27063517474805,8186.444444444444,2.450002890679101e-05,32.0,0.5312500000000001,0.004163553164034315,1.0082161191661196
32,16,94,9.1291270256,1.1906337738,0.29808306694,11.0888719559,0.823932886124,19.968,0.150333333333,427.087,447.205333333,786.6,439,209.2,1.79179954442,3.76003824092,1.7589235668,43.1470463599,-1.86909643128,-113.769279796,22.27063517474805,8186.444444444444,2.450002890679101e-05,32.0,0.5312500000000001,0.004163553164034315,1.0082161191661196
32,20,10,9.3724629879,3.08000898361,1.90204691887,14.8488729,0.74364900589,24.96,9.93716666667,441.31,476.207166667,786.6,439,209.2,1.79179954442,3.76003824092,1.65180210434,39.4600601746,-8.47543659833,-127.632488846,24.45555693594063,6913.88888888889,2.4473333584507007e-05,31.333333333333332,0.5297309027777778,0.004169026493771517,1.008360399899371
32,20,22,9.40954017639,2.60135698318,1.40287613869,13.8779921532,0.795588970184,24.96,3.6075,466.754,495.3215,786.6,439,209.2,1.79179954442,3.76003824092,1.58805947248,37.0300661073,-12.829498861,-136.769359465,24.45555693594063,6913.88888888889,2.4473333584507007e-05,31.333333333333332,0.5297309027777778,0.004169026493771517,1.008360399899371
32,20,34,9.41313099861,2.32201719284,1.3403441906,13.5665810108,0.817111968994,24.96,2.6965,487.334,514.9905,786.6,439,209.2,1.79179954442,3.76003824092,1.52740681624,34.5295575896,-17.3099088838,-146.171367113,24.45555693594063,6913.88888888889,2.4473333584507007e-05,31.333333333333332,0.5297309027777778,0.004169026493771517,1.008360399899371
32,20,46,9.40885591507,2.29298520088,1.23627114296,13.4058949947,0.745605945587,24.96,2.37816666667,480.419,507.757166667,786.6,439,209.2,1.79179954442,3.76003824092,1.54916572653,35.4491270447,-15.6622247532,-142.713750797,24.45555693594063,6913.88888888889,2.4473333584507007e-05,31.333333333333332,0.5297309027777778,0.004169026493771517,1.008360399899371
32,20,58,9.36527991295,2.21478295326,1.13833498955,13.2079079151,0.716984033585,24.96,1.9195,475.757,502.6365,786.6,439,209.2,1.79179954442,3.76003824092,1.56494802904,36.1001144165,-14.495785877,-140.266013384,24.45555693594063,6913.88888888889,2.4473333584507007e-05,31.333333333333332,0.5297309027777778,0.004169026493771517,1.008360399899371
32,20,70,9.31779098511,1.88918590546,0.910601854324,12.6193671227,0.827819108963,24.96,0.927166666667,462.634,488.521166667,786.6,439,209.2,1.79179954442,3.76003824092,1.61016564618,37.8945885245,-11.2804479879,-133.518722116,24.45555693594063,6913.88888888889,2.4473333584507007e-05,31.333333333333332,0.5297309027777778,0.004169026493771517,1.008360399899371
32,20,82,9.39093995094,1.43464899063,0.342430114746,11.6282019615,0.752856969833,24.96,0.199333333333,458.115,483.274333333,786.6,439,209.2,1.79179954442,3.76003824092,1.62764696104,38.5616153911,-10.085269552,-131.01067559,24.45555693594063,6913.88888888889,2.4473333584507007e-05,31.333333333333332,0.5297309027777778,0.004169026493771517,1.008360399899371
32,20,94,9.44007992744,1.40527796745,0.36173415184,11.7059800625,0.91314291954,24.96,0.1745,461.468,486.6025,786.6,439,209.2,1.79179954442,3.76003824092,1.61651450619,38.1385075006,-10.8433940774,-132.601577438,24.45555693594063,6913.88888888889,2.4473333584507007e-05,31.333333333333332,0.5297309027777778,0.004169026493771517,1.008360399899371
32,24,10,11.3279280663,4.14851999283,2.24069285393,18.6774120331,0.754518032074,29.952,10.6285,469.526,510.1065,786.6,439,209.2,1.79179954442,3.76003824092,1.54203092884,35.1504576659,-16.19738041,-143.836759082,27.10067099448972,5561.555555555556,2.168843097978241e-05,31.666666666666668,0.4678819444444445,0.003711431267731968,1.0072735563019168
32,24,22,9.89258909225,2.73783707619,1.69410395622,14.819396019,0.77720117569,29.952,4.03933333333,511.238,545.229333333,786.6,439,209.2,1.79179954442,3.76003824092,1.44269567301,30.6853123146,-24.1980258162,-160.625876354,27.10067099448972,5561.555555555556,2.168843097978241e-05,31.666666666666668,0.4678819444444445,0.003711431267731968,1.0072735563019168
32,24,34,9.79289007187,2.5230588913,1.59952402115,14.4346821308,0.72158908844,29.952,3.39133333333,505.952,539.295333333,786.6,439,209.2,1.79179954442,3.76003824092,1.4585700105,31.4396982795,-22.846317388,-157.789356278,27.10067099448972,5561.555555555556,2.168843097978241e-05,31.666666666666668,0.4678819444444445,0.003711431267731968,1.0072735563019168
32,24,46,9.61625695229,2.30563497543,1.41946291924,13.826559782,0.737493038177,29.952,2.74583333333,499.027,531.724833333,786.6,439,209.2,1.79179954442,3.76003824092,1.47933658669,32.4021315366,-21.1218299165,-154.170570427,27.10067099448972,5561.555555555556,2.168843097978241e-05,31.666666666666668,0.4678819444444445,0.003711431267731968,1.0072735563019168
32,24,58,9.69827485085,2.23183393478,1.22351694107,13.6396481991,0.701098918915,29.952,1.6765,492.859,524.4875,786.6,439,209.2,1.79179954442,3.76003824092,1.49974975571,33.3222095093,-19.4732346241,-150.711042065,27.10067099448972,5561.555555555556,2.168843097978241e-05,31.666666666666668,0.4678819444444445,0.003711431267731968,1.0072735563019168
32,24,70,11.132381916,1.63501000404,0.473102807999,13.705411911,0.781279802322,29.952,0.3425,482.339,512.6335,786.6,439,209.2,1.79179954442,3.76003824092,1.5344295681,34.8292016273,-16.7730068337,-145.044694073,27.10067099448972,5561.555555555556,2.168843097978241e-05,31.666666666666668,0.4678819444444445,0.003711431267731968,1.0072735563019168
32,24,82,10.376541853,1.547549963,0.411473989487,12.8284721375,0.790064096451,29.952,0.232166666667,482.851,513.035166667,786.6,439,209.2,1.79179954442,3.76003824092,1.53322822899,34.7781379778,-16.8645026576,-145.236695347,27.10067099448972,5561.555555555556,2.168843097978241e-05,31.666666666666668,0.4678819444444445,0.003711431267731968,1.0072735563019168
32,24,94,9.92436909676,1.50389504433,0.373875141144,12.2633118629,0.799885034561,29.952,0.148,493.49,523.59,786.6,439,209.2,1.79179954442,3.76003824092,1.50232051796,33.4363081617,-19.2687927107,-150.282026769,27.10067099448972,5561.555555555556,2.168843097978241e-05,31.666666666666668,0.4678819444444445,0.003711431267731968,1.0072735563019168
32,28,10,9.79890394211,3.50722312927,2.27767395973,16.07725811,0.802706956863,34.944,9.29233333333,497.092,541.328333333,786.6,439,209.2,1.79179954442,3.76003824092,1.45309223915,31.1812441732,-23.3094153379,-158.761153601,29.179396460718852,4235.444444444444,1.8829939693562484e-05,19.0,0.4095052083333333,0.003187082096692896,1.0059225548423452
32,28,22,10.2564721107,2.88678193092,2.09345293045,15.762157917,0.782393932343,34.944,4.83183333333,528.001,567.776833333,786.6,439,209.2,1.79179954442,3.76003824092,1.38540347866,27.8188617679,-29.3341305998,-171.403840025,29.179396460718852,4235.444444444444,1.8829939693562484e-05,19.0,0.4095052083333333,0.003187082096692896,1.0059225548423452
32,28,34,10.3222138882,2.94367194176,1.73136210442,15.5088989735,0.753565073013,34.944,3.8005,519.964,558.7085,786.6,439,209.2,1.79179954442,3.76003824092,1.407889803,28.9717137046,-27.2684510251,-167.069072658,29.179396460718852,4235.444444444444,1.8829939693562484e-05,19.0,0.4095052083333333,0.003187082096692896,1.0059225548423452
32,28,46,9.90560102463,5.17297506332,1.69673895836,17.4513039589,0.934188842773,34.944,2.74133333333,512.342,550.027333333,786.6,439,209.2,1.79179954442,3.76003824092,1.43011074601,30.0753453683,-25.2909643128,-162.919375398,29.179396460718852,4235.444444444444,1.8829939693562484e-05,19.0,0.4095052083333333,0.003187082096692896,1.0059225548423452
32,28,58,9.8747549057,2.0899720192,0.852537155151,13.3085460663,0.734048128128,34.944,1.02633333333,502.294,538.264333333,786.6,439,209.2,1.79179954442,3.76003824092,1.46136377852,31.5707687092,-22.6114654518,-157.29652645,29.179396460718852,4235.444444444444,1.8829939693562484e-05,19.0,0.4095052083333333,0.003187082096692896,1.0059225548423452
32,28,70,9.88040494919,1.72956109047,0.453109025955,12.566257,0.767527103424,34.944,0.278833333333,500.457,535.679833333,786.6,439,209.2,1.79179954442,3.76003824092,1.46841443536,31.8993346894,-22.0227410782,-156.0611058,29.179396460718852,4235.444444444444,1.8829939693562484e-05,19.0,0.4095052083333333,0.003187082096692896,1.0059225548423452
32,28,82,9.83027815819,1.73472499847,0.442870855331,12.4857950211,0.800746202469,34.944,0.256666666667,502.149,537.349666667,786.6,439,209.2,1.79179954442,3.76003824092,1.46385128492,31.68704975,-22.4031131359,-156.85930529,29.179396460718852,4235.444444444444,1.8829939693562484e-05,19.0,0.4095052083333333,0.003187082096692896,1.0059225548423452
32,28,94,9.76615309715,1.60605692863,0.403428077698,12.2837760448,0.818015098572,34.944,0.144666666667,516.868,551.956666667,786.6,439,209.2,1.79179954442,3.76003824092,1.42511187472,29.8300703449,-25.7304479879,-163.841618866,29.179396460718852,4235.444444444444,1.8829939693562484e-05,19.0,0.4095052083333333,0.003187082096692896,1.0059225548423452
32,32,10,9.93193602562,3.49924087524,2.83592891693,16.7671370506,0.749311923981,43.008,8.56183333333,526.93,578.499833333,786.6,439,209.2,1.79179954442,3.76003824092,1.35972381438,26.4556530214,-31.7767274108,-176.529557043,30.259495228158652,3960.2222222222226,1.947591806170662e-05,27.666666666666668,0.4227430555555556,0.0033050795012357892,1.006050039378967
32,32,22,9.91608405113,3.05470585823,2.07988500595,15.5677199364,0.722439050674,43.008,5.55583333333,539.761,588.324833333,786.6,439,209.2,1.79179954442,3.76003824092,1.33701648381,25.2066064921,-34.0147684131,-181.226019758,30.259495228158652,3960.2222222222226,1.947591806170662e-05,27.666666666666668,0.4227430555555556,0.0033050795012357892,1.006050039378967
32,32,34,10.0029778481,2.85355496407,1.80829191208,15.2006490231,0.735167980194,43.008,4.07433333333,531.514,578.596333333,786.6,439,209.2,1.79179954442,3.76003824092,1.35949703564,26.4433850326,-31.7987091875,-176.57568515,30.259495228158652,3960.2222222222226,1.947591806170662e-05,27.666666666666668,0.4227430555555556,0.0033050795012357892,1.006050039378967
32,32,46,10.0261120796,2.6379570961,1.36474394798,14.5053579807,0.7203810215,43.008,2.39966666667,523.364,568.771666667,786.6,439,209.2,1.79179954442,3.76003824092,1.38298028207,27.6923891855,-29.5607441154,-171.879381772,30.259495228158652,3960.2222222222226,1.947591806170662e-05,27.666666666666668,0.4227430555555556,0.0033050795012357892,1.006050039378967
32,32,58,9.9152970314,2.14943289757,0.651371002197,13.1996748447,0.730131864548,43.008,0.563833333333,514.92,558.491833333,786.6,439,209.2,1.79179954442,3.76003824092,1.40843599324,28.9992584117,-27.2190964313,-166.965503505,30.259495228158652,3960.2222222222226,1.947591806170662e-05,27.666666666666668,0.4227430555555556,0.0033050795012357892,1.006050039378967
32,32,70,9.92440891266,1.7933371067,0.473252058029,12.7055339813,0.737201929092,43.008,0.314166666667,516.06,559.382166667,786.6,439,209.2,1.79179954442,3.76003824092,1.40619427446,28.8860708535,-27.4219058466,-167.391093053,30.259495228158652,3960.2222222222226,1.947591806170662e-05,27.666666666666668,0.4227430555555556,0.0033050795012357892,1.006050039378967
32,32,82,9.88885498047,1.84274697304,0.448616981506,12.6885340214,0.756359815598,43.008,0.257666666667,520.52,563.785666667,786.6,439,209.2,1.79179954442,3.76003824092,1.39521106425,28.3262564624,-28.4249810175,-169.496016571,30.259495228158652,3960.2222222222226,1.947591806170662e-05,27.666666666666668,0.4227430555555556,0.0033050795012357892,1.006050039378967
32,32,94,10.010945797,1.67836308479,0.505268096924,12.6756331921,0.81108212471,43.008,0.150666666667,535.544,578.702666667,786.6,439,209.2,1.79179954442,3.76003824092,1.35924723577,26.4298669379,-31.8229309036,-176.626513703,30.259495228158652,3960.2222222222226,1.947591806170662e-05,27.666666666666668,0.4227430555555556,0.0033050795012357892,1.006050039378967
64,8,10,4.64644598961,3.48790001869,1.36688709259,9.99077701569,0.72790312767,2.304,18.3983333333,250.608,271.310333333,786.6,439,209.2,1.79179954442,3.76003824092,2.89926295964,65.5084752945,38.1981017464,-29.6894518802,10.999717515219407,22375.777777777777,2.1784219585977907e-05,32.333333333333336,0.4674479166666667,0.0037546686861921375,1.011627915746165
64,8,22,4.50090003014,2.52744007111,0.649846076965,8.18324804306,0.763272047043,2.304,6.2445,248.661,257.2095,786.6,439,209.2,1.79179954442,3.76003824092,3.05820741458,67.3011060259,41.4101366743,-22.9490917782,10.999717515219407,22375.777777777777,2.1784219585977907e-05,32.333333333333336,0.4674479166666667,0.0037546686861921375,1.011627915746165
64,8,34,4.52887701988,2.11992096901,0.510780096054,7.61997890472,0.755843877792,2.304,3.05416666667,256.999,262.357166667,786.6,439,209.2,1.79179954442,3.76003824092,2.99820283164,66.6466861598,40.2375474563,-25.4097355003,10.999717515219407,22375.777777777777,2.1784219585977907e-05,32.333333333333336,0.4674479166666667,0.0037546686861921375,1.011627915746165
64,8,46,4.51518201828,1.90812015533,0.430882930756,7.32373404503,0.771090984344,2.304,1.7595,273.76,277.8235,786.6,439,209.2,1.79179954442,3.76003824092,2.83129396901,64.6804602085,36.7144646925,-32.8028202677,10.999717515219407,22375.777777777777,2.1784219585977907e-05,32.333333333333336,0.4674479166666667,0.0037546686861921375,1.011627915746165
64,8,58,4.54139399529,1.73327803612,0.403630971909,7.1354470253,0.77316904068,2.304,1.061,297.974,301.339,786.6,439,209.2,1.79179954442,3.76003824092,2.61034914166,61.6909483855,31.3578587699,-44.043499044,10.999717515219407,22375.777777777777,2.1784219585977907e-05,32.333333333333336,0.4674479166666667,0.0037546686861921375,1.011627915746165
64,8,70,4.53234887123,1.63480997086,0.363598108292,7.02929091454,0.742974996567,2.304,0.579166666667,322.436,325.319166667,786.6,439,209.2,1.79179954442,3.76003824092,2.41793315795,58.6423637596,25.8954062263,-55.5062938177,10.999717515219407,22375.777777777777,2.1784219585977907e-05,32.333333333333336,0.4674479166666667,0.0037546686861921375,1.011627915746165
64,8,82,4.53377509117,1.33515810966,0.350286006927,6.70204997063,0.771899938583,2.304,0.328666666667,326.521,329.153666667,786.6,439,209.2,1.79179954442,3.76003824092,2.38976526668,58.1548860073,25.0219438117,-57.3392288082,10.999717515219407,22375.777777777777,2.1784219585977907e-05,32.333333333333336,0.4674479166666667,0.0037546686861921375,1.011627915746165
64,8,94,4.49734401703,0.989155054092,0.178390026093,6.15220212936,0.812672138214,2.304,0.0975,291.105,293.5065,786.6,439,209.2,1.79179954442,3.76003824092,2.68000879027,62.68668955,33.1420273349,-40.2994741874,10.999717515219407,22375.777777777777,2.1784219585977907e-05,32.333333333333336,0.4674479166666667,0.0037546686861921375,1.011627915746165
64,12,10,6.05899691582,3.04222798347,1.66729903221,11.2222640514,0.760668992996,3.456,15.319,326.106,344.881,786.6,439,209.2,1.79179954442,3.76003824092,2.28078670614,56.1554792779,21.4394077449,-64.8570745698,16.492247957930516,13201.666666666666,1.718038210499168e-05,28.0,0.3791232638888889,0.002849235825485425,1.0082359335293594
64,12,22,6.11733102798,2.27837896347,0.894636154175,9.79666209221,0.757868051529,3.456,4.72566666667,336.693,344.874666667,786.6,439,209.2,1.79179954442,3.76003824092,2.28082859087,56.1562844309,21.4408504176,-64.8540471638,16.492247957930516,13201.666666666666,1.718038210499168e-05,28.0,0.3791232638888889,0.002849235825485425,1.0082359335293594
64,12,34,6.15949892998,2.03283905983,0.784696102142,9.49451184273,0.746223926544,3.456,2.77733333333,353.981,360.214333333,786.6,439,209.2,1.79179954442,3.76003824092,2.18369988979,54.2061615391,17.9466211086,-72.1865838113,16.492247957930516,13201.666666666666,1.718038210499168e-05,28.0,0.3791232638888889,0.002849235825485425,1.0082359335293594
64,12,46,6.11181497574,1.79166603088,0.638927936554,9.02123403549,0.820194959641,3.456,1.47383333333,382.006,386.935833333,786.6,439,209.2,1.79179954442,3.76003824092,2.03289520442,50.8090728028,11.8597190585,-84.9597673678,16.492247957930516,13201.666666666666,1.718038210499168e-05,28.0,0.3791232638888889,0.002849235825485425,1.0082359335293594
64,12,58,6.10164403915,1.63220000267,0.608116865158,8.81457710266,0.775766134262,3.456,0.950166666667,408.948,413.354166667,786.6,439,209.2,1.79179954442,3.76003824092,1.90296860037,47.4505254683,5.84187547456,-97.5880337795,16.492247957930516,13201.666666666666,1.718038210499168e-05,28.0,0.3791232638888889,0.002849235825485425,1.0082359335293594
64,12,70,6.14452004433,1.55131387711,0.49663901329,8.64838600159,0.787190914154,3.456,0.658166666667,386.739,390.853166667,786.6,439,209.2,1.79179954442,3.76003824092,2.01252047337,50.311064497,10.967388003,-86.8322976418,16.492247957930516,13201.666666666666,1.718038210499168e-05,28.0,0.3791232638888889,0.002849235825485425,1.0082359335293594
64,12,82,6.07157588005,1.29865908623,0.365810871124,8.19206881523,0.750061988831,3.456,0.277333333333,365.574,369.307333333,786.6,439,209.2,1.79179954442,3.76003824092,2.12993333466,53.0501737435,15.8753227031,-76.5331421287,16.492247957930516,13201.666666666666,1.718038210499168e-05,28.0,0.3791232638888889,0.002849235825485425,1.0082359335293594
64,12,94,6.13889098167,1.05458712578,0.226341962814,7.92032790184,0.866045951843,3.456,0.115666666667,363.832,367.403666667,786.6,439,209.2,1.79179954442,3.76003824092,2.14096937882,53.2921857785,16.308959757,-75.6231676227,16.492247957930516,13201.666666666666,1.718038210499168e-05,28.0,0.3791232638888889,0.002849235825485425,1.0082359335293594
64,16,10,7.34493112564,3.07406210899,1.68855404854,12.6365101337,0.770143985748,4.992,11.1961666667,378.254,394.442166667,786.6,439,209.2,1.79179954442,3.76003824092,1.99420869895,49.8547970167,10.1498481397,-88.5478808158,18.939749194650435,10346.22222222222,3.0237644826164092e-05,27.0,0.6514756944444444,0.005183401632410051,1.0115087333244093
64,16,22,7.2852730751,2.51127481461,1.1950070858,11.5066730976,0.80944108963,4.992,4.87566666667,399.804,409.671666667,786.6,439,209.2,1.79179954442,3.76003824092,1.92007420577,47.9186795491,6.68071374336,-95.8277565328,18.939749194650435,10346.22222222222,3.0237644826164092e-05,27.0,0.6514756944444444,0.005183401632410051,1.0115087333244093
64,16,34,7.30259490013,2.01486492157,0.974610090256,10.779282093,0.756804943085,4.992,2.24183333333,434.378,441.611833333,786.6,439,209.2,1.79179954442,3.76003824092,1.78120227002,43.858144758,-0.594950645406,-111.095522626,18.939749194650435,10346.22222222222,3.0237644826164092e-05,27.0,0.6514756944444444,0.005183401632410051,1.0115087333244093
64,16,46,7.2878100872,1.95491290092,0.996994972229,10.6928040981,0.739678144455,4.992,1.706,453.973,460.671,786.6,439,209.2,1.79179954442,3.76003824092,1.70750926366,41.4351639969,-4.93644646925,-120.206022945,18.939749194650435,10346.22222222222,3.0237644826164092e-05,27.0,0.6514756944444444,0.005183401632410051,1.0115087333244093
64,16,58,7.37731695175,1.77711105347,0.783124923706,10.4087381363,0.764086961746,4.992,1.21083333333,432.783,438.985833333,786.6,439,209.2,1.79179954442,3.76003824092,1.79185736821,44.191986609,0.00322703113136,-109.8402645,18.939749194650435,10346.22222222222,3.0237644826164092e-05,27.0,0.6514756944444444,0.005183401632410051,1.0115087333244093
64,16,70,7.3095099926,1.59591507912,0.549807071686,9.91678595543,0.7590508461,4.992,0.4865,413.476,418.9545,786.6,439,209.2,1.79179954442,3.76003824092,1.87753085359,46.7385583524,4.56617312073,-100.265057361,18.939749194650435,10346.22222222222,3.0237644826164092e-05,27.0,0.6514756944444444,0.005183401632410051,1.0115087333244093
64,16,82,7.37774205208,1.25113511086,0.33749294281,9.43342113495,0.853739023209,4.992,0.176,408.848,414.016,786.6,439,209.2,1.79179954442,3.76003824092,1.89992657289,47.3663869819,5.69111617312,-97.9043977055,18.939749194650435,10346.22222222222,3.0237644826164092e-05,27.0,0.6514756944444444,0.005183401632410051,1.0115087333244093
64,16,94,7.2514770031,1.22546100616,0.280472993851,9.22902393341,0.800827980042,4.992,0.148666666667,415.225,420.365666667,786.6,439,209.2,1.79179954442,3.76003824092,1.87122798643,46.5591575557,4.24472285497,-100.939611217,18.939749194650435,10346.22222222222,3.0237644826164092e-05,27.0,0.6514756944444444,0.005183401632410051,1.0115087333244093
64,20,10,8.06503820419,3.27637791634,1.92110204697,13.7575721741,0.739291906357,6.24,10.7963333333,420.29,437.326333333,786.6,439,209.2,1.79179954442,3.76003824092,1.79865683826,44.4029578778,0.381245254366,-109.047004461,20.9854954808574,8528.888888888889,2.1767821535798937e-05,22.0,0.46831597222222227,0.0037386488229053487,1.0093036164651836
64,20,22,8.04555392265,2.61149191856,1.41787195206,12.5894169807,0.857048988342,6.24,4.096,455.016,465.352,786.6,439,209.2,1.79179954442,3.76003824092,1.69033333906,40.8400711925,-6.00273348519,-122.443594646,20.9854954808574,8528.888888888889,2.1767821535798937e-05,22.0,0.46831597222222227,0.0037386488229053487,1.0093036164651836
64,20,34,8.16274619102,2.29774618149,1.20307803154,12.1293780804,0.757967948914,6.24,2.62716666667,481.343,490.210166667,786.6,439,209.2,1.79179954442,3.76003824092,1.60461788328,37.6798669379,-11.6651860289,-134.326083493,20.9854954808574,8528.888888888889,2.1767821535798937e-05,22.0,0.46831597222222227,0.0037386488229053487,1.0093036164651836
64,20,46,8.03226590157,2.14498400688,1.17508411407,11.8182809353,0.766136884689,6.24,1.98516666667,465.594,473.819166667,786.6,439,209.2,1.79179954442,3.76003824092,1.66012701752,39.7636452242,-7.9314730448,-126.490997451,20.9854954808574,8528.888888888889,2.1767821535798937e-05,22.0,0.46831597222222227,0.0037386488229053487,1.0093036164651836
64,20,58,8.0757188797,2.06328701973,0.813946008682,11.4204888344,0.782562971115,6.24,0.899166666667,450.254,457.393166667,786.6,439,209.2,1.79179954442,3.76003824092,1.71974584958,41.8518730401,-4.1897873956,-118.639181007,20.9854954808574,8528.888888888889,2.1767821535798937e-05,22.0,0.46831597222222227,0.0037386488229053487,1.0093036164651836
64,20,70,7.9605281353,1.42613101006,0.428111791611,10.3122889996,0.807207107544,6.24,0.271,445.816,452.327,786.6,439,209.2,1.79179954442,3.76003824092,1.73900739951,42.4959318586,-3.03576309795,-116.21749522,20.9854954808574,8528.888888888889,2.1767821535798937e-05,22.0,0.46831597222222227,0.0037386488229053487,1.0093036164651836
64,20,82,8.0989279747,1.43519306183,0.347342014313,10.3496348858,0.819118976593,6.24,0.196666666667,445.876,452.312666667,786.6,439,209.2,1.79179954442,3.76003824092,1.73906250691,42.497754047,-3.03249810175,-116.210643722,20.9854954808574,8528.888888888889,2.1767821535798937e-05,22.0,0.46831597222222227,0.0037386488229053487,1.0093036164651836
64,20,94,8.0652320385,1.37117910385,0.332999944687,10.2284710407,0.771941900253,6.24,0.166166666667,453.409,459.815166667,786.6,439,209.2,1.79179954442,3.76003824092,1.71068737402,41.5439655903,-4.74149582384,-119.796924793,20.9854954808574,8528.888888888889,2.1767821535798937e-05,22.0,0.46831597222222227,0.0037386488229053487,1.0093036164651836
64,24,10,8.50528216362,3.29048705101,2.2103509903,14.5056631565,0.756405115128,7.488,11.2843333333,454.825,473.597333333,786.6,439,209.2,1.79179954442,3.76003824092,1.66090462221,39.7918467667,-7.88094153379,-126.384958572,23.652625105050664,6242.666666666667,2.667393117433264e-05,20.0,0.5772569444444445,0.0045450410560188585,1.0088905980703158
64,24,22,8.55254793167,2.71161580086,1.77198290825,13.5197160244,0.798047065735,7.488,4.24016666667,506.108,517.836166667,786.6,439,209.2,1.79179954442,3.76003824092,1.5190132529,34.1677896432,-17.9581245254,-147.531628426,23.652625105050664,6242.666666666667,2.667393117433264e-05,20.0,0.5772569444444445,0.0045450410560188585,1.0088905980703158
64,24,34,8.55550193787,2.49989700317,1.46786999702,12.9899139404,0.750709056854,7.488,3.31983333333,500.494,511.301833333,786.6,439,209.2,1.79179954442,3.76003824092,1.53842593302,34.9984956352,-16.4696659074,-144.408142129,23.652625105050664,6242.666666666667,2.667393117433264e-05,20.0,0.5772569444444445,0.0045450410560188585,1.0088905980703158
64,24,46,8.53968191147,2.27972102165,1.20812988281,12.4917621613,0.742149114609,7.488,1.80816666667,482.214,491.510166667,786.6,439,209.2,1.79179954442,3.76003824092,1.6003738139,37.5145986948,-11.9613135915,-134.947498407,23.652625105050664,6242.666666666667,2.667393117433264e-05,20.0,0.5772569444444445,0.0045450410560188585,1.0088905980703158
64,24,58,8.52625489235,1.70464205742,0.62407708168,11.3139159679,0.808982849121,7.488,0.509666666667,472.49,480.487666667,786.6,439,209.2,1.79179954442,3.76003824092,1.63708676532,38.9158827019,-9.45049354594,-129.678616953,23.652625105050664,6242.666666666667,2.667393117433264e-05,20.0,0.5772569444444445,0.0045450410560188585,1.0088905980703158
64,24,70,8.53880190849,1.55032515526,0.41745018959,11.018666029,0.772771120071,7.488,0.263333333333,470.677,478.428333333,786.6,439,209.2,1.79179954442,3.76003824092,1.64413339511,39.1776845495,-8.98139711465,-128.694231995,23.652625105050664,6242.666666666667,2.667393117433264e-05,20.0,0.5772569444444445,0.0045450410560188585,1.0088905980703158
64,24,82,8.52453517914,1.53618192673,0.376743078232,10.9065880775,0.796114206314,7.488,0.240166666667,470.999,478.727166667,786.6,439,209.2,1.79179954442,3.76003824092,1.6431070864,39.1396940419,-9.04946848899,-128.837077757,23.652625105050664,6242.666666666667,2.667393117433264e-05,20.0,0.5772569444444445,0.0045450410560188585,1.0088905980703158
64,24,94,8.62934589386,1.50873994827,0.384975910187,10.9994719028,0.777307987213,7.488,0.152333333333,491.75,499.390333333,786.6,439,209.2,1.79179954442,3.76003824092,1.57512059705,36.5127976947,-13.756340167,-138.714308477,23.652625105050664,6242.666666666667,2.667393117433264e-05,20.0,0.5772569444444445,0.0045450410560188585,1.0088905980703158
64,28,10,8.80143284798,3.53812193871,2.48455905914,15.3300068378,0.744916915894,8.736,10.2448333333,487.412,506.392833333,786.6,439,209.2,1.79179954442,3.76003824092,1.55333951869,35.6225739469,-15.3514426727,-142.061583811,26.75868379438059,4771.666666666667,2.143458248088048e-05,16.0,0.46115451388888884,0.0036813071089023576,1.0070045509187284
64,28,22,8.80867600441,2.84271907806,1.91187095642,14.0668969154,0.767581939697,8.736,5.11233333333,529.144,542.992333333,786.6,439,209.2,1.79179954442,3.76003824092,1.448639238,30.9697008221,-23.6884586181,-159.556564691,26.75868379438059,4771.666666666667,2.143458248088048e-05,16.0,0.46115451388888884,0.0036813071089023576,1.0070045509187284
64,28,34,8.76659989357,2.73419904709,1.77993202209,13.7505629063,0.756058931351,8.736,3.512,511.091,523.339,786.6,439,209.2,1.79179954442,3.76003824092,1.50304104987,33.4682176456,-19.2116173121,-150.162045889,26.75868379438059,4771.666666666667,2.143458248088048e-05,16.0,0.46115451388888884,0.0036813071089023576,1.0070045509187284
64,28,46,8.78132390976,2.31955695152,1.03004789352,12.6078460217,0.77188205719,8.736,1.30883333333,496.649,506.693833333,786.6,439,209.2,1.79179954442,3.76003824092,1.55241676186,35.5843079922,-15.420007593,-142.205465264,26.75868379438059,4771.666666666667,2.143458248088048e-05,16.0,0.46115451388888884,0.0036813071089023576,1.0070045509187284
64,28,58,8.74217009544,1.87516903877,0.503143072128,11.572067976,0.770379066467,8.736,0.3785,490.829,499.9435,786.6,439,209.2,1.79179954442,3.76003824092,1.57337779169,36.4424739385,-13.8823462415,-138.978728489,26.75868379438059,4771.666666666667,2.143458248088048e-05,16.0,0.46115451388888884,0.0036813071089023576,1.0070045509187284
64,28,70,8.7333650589,1.66102099419,0.432049036026,11.2835071087,0.808475971222,8.736,0.288333333333,490.887,499.911333333,786.6,439,209.2,1.79179954442,3.76003824092,1.57347903028,36.4465632681,-13.8750189825,-138.963352454,26.75868379438059,4771.666666666667,2.143458248088048e-05,16.0,0.46115451388888884,0.0036813071089023576,1.0070045509187284
64,28,82,8.77058696747,1.65704393387,0.436470031738,11.3387060165,0.833153009415,8.736,0.2765,492.587,501.5995,786.6,439,209.2,1.79179954442,3.76003824092,1.56818338136,36.2319476227,-14.2595671982,-139.770315488,26.75868379438059,4771.666666666667,2.143458248088048e-05,16.0,0.46115451388888884,0.0036813071089023576,1.0070045509187284
64,28,94,9.10115098953,1.52847313881,0.392560005188,11.4944880009,0.789232969284,8.736,0.139666666667,521.629,530.504666667,786.6,439,209.2,1.79179954442,3.76003824092,1.48273907738,32.5572506145,-20.8438876234,-153.587316762,26.75868379438059,4771.666666666667,2.143458248088048e-05,16.0,0.46115451388888884,0.0036813071089023576,1.0070045509187284
64,32,10,9.19423794746,3.67092204094,2.6693251133,16.0352809429,0.762079000473,10.752,9.63383333333,519.578,539.963833333,786.6,439,209.2,1.79179954442,3.76003824092,1.4567642339,31.3547122638,-22.9985952923,-158.108906947,28.404903064306552,4000.8888888888887,2.0474221804560346e-05,16.0,0.4435763888888889,0.003483376219519055,1.0061813336158794
64,32,22,9.02347803116,3.02228999138,2.2841489315,14.8299670219,0.77095913887,10.752,5.913,539.57,556.235,786.6,439,209.2,1.79179954442,3.76003824092,1.41415049395,29.2861683193,-26.7050113895,-165.886711281,28.404903064306552,4000.8888888888887,2.0474221804560346e-05,16.0,0.4435763888888889,0.003483376219519055,1.0061813336158794
64,32,34,8.98270702362,2.6381919384,1.75252103806,13.8397960663,0.735365152359,10.752,3.20133333333,520.572,534.525333333,786.6,439,209.2,1.79179954442,3.76003824092,1.47158600528,32.0461056022,-21.7597570235,-155.509241555,28.404903064306552,4000.8888888888887,2.0474221804560346e-05,16.0,0.4435763888888889,0.003483376219519055,1.0061813336158794
64,32,46,9.0639269352,2.13966703415,0.766245126724,12.4756829739,0.738463878632,10.752,0.843,511.684,523.279,786.6,439,209.2,1.79179954442,3.76003824092,1.50321339094,33.4758454106,-19.1979498861,-150.133365201,28.404903064306552,4000.8888888888887,2.0474221804560346e-05,16.0,0.4435763888888889,0.003483376219519055,1.0061813336158794
64,32,58,9.03410577774,1.97707080841,0.477646112442,11.9809980392,0.808203935623,10.752,0.349,507.329,518.43,786.6,439,209.2,1.79179954442,3.76003824092,1.51727330594,34.0922959573,-18.0933940774,-147.815487572,28.404903064306552,4000.8888888888887,2.0474221804560346e-05,16.0,0.4435763888888889,0.003483376219519055,1.0061813336158794
64,32,70,9.01907587051,1.85111498833,0.50052189827,11.8720679283,0.778613090515,10.752,0.332,508.85,519.934,786.6,439,209.2,1.79179954442,3.76003824092,1.51288432763,33.901093313,-18.4359908884,-148.534416826,28.404903064306552,4000.8888888888887,2.0474221804560346e-05,16.0,0.4435763888888889,0.003483376219519055,1.0061813336158794
64,32,82,9.09300804138,1.75345802307,0.492130041122,11.8542559147,0.79057598114,10.752,0.29,514.26,525.302,786.6,439,209.2,1.79179954442,3.76003824092,1.49742433876,33.2186625985,-19.6587699317,-151.100382409,28.404903064306552,4000.8888888888887,2.0474221804560346e-05,16.0,0.4435763888888889,0.003483376219519055,1.0061813336158794
64,32,94,9.07016181946,1.71938204765,0.430976867676,11.6946079731,0.790977954865,10.752,0.142333333333,541.637,552.531333333,786.6,439,209.2,1.79179954442,3.76003824092,1.42362967047,29.7570133062,-25.8613515566,-164.116316125,28.404903064306552,4000.8888888888887,2.0474221804560346e-05,16.0,0.4435763888888889,0.003483376219519055,1.0061813336158794
128,8,10,3.66025090218,4.20972895622,1.12170100212,9.52349185944,0.766756057739,0.576,19.6945,201.228,221.4985,786.6,439,209.2,1.79179954442,3.76003824092,3.55126558419,71.8410246631,49.54476082,-5.87882409178,7.565806665461802,33966.555555555555,-8.076046911778963e-06,32.333333333333336,-0.12955729166666666,0.007644707113704949,1.0107378390011563
128,8,22,4.1775598526,3.32311296463,0.727489948273,8.72249412537,0.808866024017,0.576,6.165,212.67,219.411,786.6,439,209.2,1.79179954442,3.76003824092,3.5850527093,72.1064073227,50.0202733485,-4.8809751434,7.565806665461802,33966.555555555555,-8.076046911778963e-06,32.333333333333336,-0.12955729166666666,0.007644707113704949,1.0107378390011563
128,8,34,3.72897100449,2.50842404366,0.402179956436,7.08806419373,0.797296047211,0.576,2.745,234.785,238.106,786.6,439,209.2,1.79179954442,3.76003824092,3.30357067861,69.7297228579,45.7617312073,-13.8173996176,7.565806665461802,33966.555555555555,-8.076046911778963e-06,32.333333333333336,-0.12955729166666666,0.007644707113704949,1.0107378390011563
128,8,46,4.49921178818,4.40892195702,0.574995040894,10.2138278484,1.59660601616,0.576,1.38766666667,261.005,262.968666667,786.6,439,209.2,1.79179954442,3.76003824092,2.99123089443,66.5689465209,40.0982536067,-25.7020395156,7.565806665461802,33966.555555555555,-8.076046911778963e-06,32.333333333333336,-0.12955729166666666,0.007644707113704949,1.0107378390011563
128,8,58,4.80535292625,2.43338394165,0.292323112488,8.15324997902,0.864787101746,0.576,0.675166666667,278.896,280.147166667,786.6,439,209.2,1.79179954442,3.76003824092,2.80780994275,64.3850538181,36.1851556568,-33.9135595921,7.565806665461802,33966.555555555555,-8.076046911778963e-06,32.333333333333336,-0.12955729166666666,0.007644707113704949,1.0107378390011563
128,8,70,3.92103886604,1.74155497551,0.26472902298,6.40613079071,0.758958816528,0.576,0.322333333333,281.81,282.708333333,786.6,439,209.2,1.79179954442,3.76003824092,2.78237288136,64.059454191,35.6017463933,-35.1378266412,7.565806665461802,33966.555555555555,-8.076046911778963e-06,32.333333333333336,-0.12955729166666666,0.007644707113704949,1.0107378390011563
128,8,82,3.73920297623,1.45561099052,0.163667201996,5.79021716118,0.784327030182,0.576,0.1475,269.987,270.7105,786.6,439,209.2,1.79179954442,3.76003824092,2.90568707161,65.5847317569,38.334738041,-29.4027246654,7.565806665461802,33966.555555555555,-8.076046911778963e-06,32.333333333333336,-0.12955729166666666,0.007644707113704949,1.0107378390011563
128,8,94,3.68737411499,1.16105699539,0.149136066437,5.48134303093,0.803267002106,0.576,0.0871666666667,264.428,265.091166667,786.6,439,209.2,1.79179954442,3.76003824092,2.96728106746,66.2991143317,39.6147684131,-26.7166188655,7.565806665461802,33966.555555555555,-8.076046911778963e-06,32.333333333333336,-0.12955729166666666,0.007644707113704949,1.0107378390011563
128,12,10,5.8152320385,3.15345811844,1.42737293243,10.873595953,0.7531478405,0.864,16.1003333333,286.373,303.337333333,786.6,439,209.2,1.79179954442,3.76003824092,2.59315261777,61.4369014323,30.902657555,-44.9987253027,15.918106067347914,13530.888888888889,1.7151218759889312e-05,21.666666666666668,0.3767361111111111,0.002862918712607056,1.0083334171904197
128,12,22,5.77733898163,2.55062198639,0.750413894653,9.52860593796,0.750124931335,0.864,4.85016666667,310.469,316.183166667,786.6,439,209.2,1.79179954442,3.76003824092,2.48779847546,59.8038181202,27.9764996203,-51.139181007,15.918106067347914,13530.888888888889,1.7151218759889312e-05,21.666666666666668,0.3767361111111111,0.002862918712607056,1.0083334171904197
128,12,34,5.81171894073,1.99962496758,0.606544971466,8.89451098442,0.764472007751,0.864,2.13116666667,345.09,348.085166667,786.6,439,209.2,1.79179954442,3.76003824092,2.25979178467,55.7481354352,20.7095292331,-66.3887029955,15.918106067347914,13530.888888888889,1.7151218759889312e-05,21.666666666666668,0.3767361111111111,0.002862918712607056,1.0083334171904197
128,12,46,5.88543701172,1.78179502487,0.5095911026,8.62912416458,0.742046117783,0.864,1.06916666667,359.158,361.091166667,786.6,439,209.2,1.79179954442,3.76003824092,2.17839723763,54.094690228,17.7468868641,-72.605720204,15.918106067347914,13530.888888888889,1.7151218759889312e-05,21.666666666666668,0.3767361111111111,0.002862918712607056,1.0083334171904197
128,12,58,5.87764000893,1.54286718369,0.372620820999,8.27881598473,0.775064945221,0.864,0.529166666667,355.503,356.896166667,786.6,439,209.2,1.79179954442,3.76003824092,2.20400237791,54.6279981354,18.7024677297,-70.6004620778,15.918106067347914,13530.888888888889,1.7151218759889312e-05,21.666666666666668,0.3767361111111111,0.002862918712607056,1.0083334171904197
128,12,70,5.85040307045,1.37835001945,0.286796808243,8.00894522667,0.757269859314,0.864,0.271666666667,347.28,348.415666667,786.6,439,209.2,1.79179954442,3.76003824092,2.25764819225,55.7061191626,20.6342444951,-66.5466857871,15.918106067347914,13530.888888888889,1.7151218759889312e-05,21.666666666666668,0.3767361111111111,0.002862918712607056,1.0083334171904197
128,12,82,5.86694598198,1.27055001259,0.236078023911,7.8557369709,0.815582990646,0.864,0.164666666667,337.274,338.302666667,786.6,439,209.2,1.79179954442,3.76003824092,2.3251368597,56.9917789643,22.937889142,-61.712555768,15.918106067347914,13530.888888888889,1.7151218759889312e-05,21.666666666666668,0.3767361111111111,0.002862918712607056,1.0083334171904197
128,12,94,5.87294411659,1.03995394707,0.215420007706,7.61254405975,0.885932922363,0.864,0.113666666667,346.542,347.519666667,786.6,439,209.2,1.79179954442,3.76003824092,2.2634690219,55.8200271209,20.8383447229,-66.118387508,15.918106067347914,13530.888888888889,1.7151218759889312e-05,21.666666666666668,0.3767361111111111,0.002862918712607056,1.0083334171904197
128,16,10,7.40001988411,3.30337405205,1.82605195045,13.0415439606,0.749408960342,1.248,14.0995,346.823,362.1705,786.6,439,209.2,1.79179954442,3.76003824092,2.17190522144,53.9574752098,17.5010250569,-73.1216539197,19.633717064306747,9276.22222222222,1.4582270915688248e-05,19.0,0.3298611111111111,0.002980466312688175,1.0050209569550665
128,16,22,7.19424891472,2.53206896782,1.10846400261,11.3295760155,0.769504070282,1.248,4.47216666667,380.524,386.244166667,786.6,439,209.2,1.79179954442,3.76003824092,2.03653561111,50.8970039834,12.0172741078,-84.6291427661,19.633717064306747,9276.22222222222,1.4582270915688248e-05,19.0,0.3298611111111111,0.002980466312688175,1.0050209569550665
128,16,34,7.11953496933,2.07363390923,0.87917804718,10.5073409081,0.79071688652,1.248,2.06583333333,404.757,408.070833333,786.6,439,209.2,1.79179954442,3.76003824092,1.92760652256,48.1221925587,7.0453682612,-95.0625398343,19.633717064306747,9276.22222222222,1.4582270915688248e-05,19.0,0.3298611111111111,0.002980466312688175,1.0050209569550665
128,16,46,7.21114897728,1.78046917915,0.645692110062,10.1403899193,0.783338069916,1.248,1.028,411.508,413.784,786.6,439,209.2,1.79179954442,3.76003824092,1.90099182182,47.3958810069,5.74396355353,-97.793499044,19.633717064306747,9276.22222222222,1.4582270915688248e-05,19.0,0.3298611111111111,0.002980466312688175,1.0050209569550665
128,16,58,7.1711602211,1.53882098198,0.437521934509,9.62786722183,0.773765087128,1.248,0.5005,400.85,402.5985,786.6,439,209.2,1.79179954442,3.76003824092,1.95380757752,48.8178871091,8.29191343964,-92.4467017208,19.633717064306747,9276.22222222222,1.4582270915688248e-05,19.0,0.3298611111111111,0.002980466312688175,1.0050209569550665
128,16,70,7.23864006996,1.38970589638,0.36111998558,9.44879508018,0.821470022202,1.248,0.253833333333,392.47,393.971833333,786.6,439,209.2,1.79179954442,3.76003824092,1.99658943469,49.9145902195,10.2569855733,-88.3230560867,19.633717064306747,9276.22222222222,1.4582270915688248e-05,19.0,0.3298611111111111,0.002980466312688175,1.0050209569550665
128,16,82,7.26218295097,1.28732585907,0.31915307045,9.34721183777,0.785510778427,1.248,0.179166666667,391.392,392.819166667,786.6,439,209.2,1.79179954442,3.76003824092,2.00244811544,50.0611280617,10.5195520121,-87.7720681963,19.633717064306747,9276.22222222222,1.4582270915688248e-05,19.0,0.3298611111111111,0.002980466312688175,1.0050209569550665
128,16,94,7.18419599533,1.17953896523,0.280194044113,9.14787721634,0.801713943481,1.248,0.1325,410.097,411.4775,786.6,439,209.2,1.79179954442,3.76003824092,1.91164765996,47.6891050089,6.26936218679,-96.6909655832,19.633717064306747,9276.22222222222,1.4582270915688248e-05,19.0,0.3298611111111111,0.002980466312688175,1.0050209569550665
128,20,10,8.13962817192,3.4921400547,1.92093896866,14.0711009502,0.836905956268,1.56,12.4738333333,397.642,411.675833333,786.6,439,209.2,1.79179954442,3.76003824092,1.91072668422,47.6638910077,6.22418375095,-96.7857711918,23.088101202615444,6664.222222222223,1.55675069031455e-05,18.0,0.3498263888888889,0.0027761365379054006,1.0047173937083091
128,20,22,8.0997569561,2.55963110924,1.22824001312,12.3565540314,0.742758989334,1.56,4.15766666667,432.542,438.259666667,786.6,439,209.2,1.79179954442,3.76003824092,1.79482635485,44.2843037546,0.168640850418,-109.493148502,23.088101202615444,6664.222222222223,1.55675069031455e-05,18.0,0.3498263888888889,0.0027761365379054006,1.0047173937083091
128,20,34,8.17099881172,2.11310601234,0.925470113754,11.7131719589,0.785832881927,1.56,1.93866666667,449.732,453.230666667,786.6,439,209.2,1.79179954442,3.76003824092,1.73554010761,42.3810492415,-3.24160971906,-116.649458254,23.088101202615444,6664.222222222223,1.55675069031455e-05,18.0,0.3498263888888889,0.0027761365379054006,1.0047173937083091
128,20,46,8.13621306419,1.88086509705,0.68000292778,11.1754231453,0.754487991333,1.56,0.986,439.168,441.714,786.6,439,209.2,1.79179954442,3.76003824092,1.78079028512,43.8451563692,-0.618223234624,-111.144359465,23.088101202615444,6664.222222222223,1.55675069031455e-05,18.0,0.3498263888888889,0.0027761365379054006,1.0047173937083091
128,20,58,8.13919305801,1.61487317085,0.464504003525,10.6756141186,0.780821084976,1.56,0.436,431.104,433.1,786.6,439,209.2,1.79179954442,3.76003824092,1.81620872778,44.9402491737,1.34396355353,-107.026768642,23.088101202615444,6664.222222222223,1.55675069031455e-05,18.0,0.3498263888888889,0.0027761365379054006,1.0047173937083091
128,20,70,8.21785593033,1.51917386055,0.38036108017,10.5737948418,0.792126178741,1.56,0.262666666667,428.695,430.517666667,786.6,439,209.2,1.79179954442,3.76003824092,1.82710272052,45.2685397068,1.93219438117,-105.792383684,23.088101202615444,6664.222222222223,1.55675069031455e-05,18.0,0.3498263888888889,0.0027761365379054006,1.0047173937083091
128,20,82,8.21374487877,1.46479201317,0.346497774124,10.5179188251,0.85634803772,1.56,0.206333333333,430.529,432.295333333,786.6,439,209.2,1.79179954442,3.76003824092,1.81958938565,45.0425459785,1.52725892179,-106.642128744,23.088101202615444,6664.222222222223,1.55675069031455e-05,18.0,0.3498263888888889,0.0027761365379054006,1.0047173937083091
128,20,94,10.8573009968,2.93078517914,0.450496912003,15.2453479767,1.31324791908,1.56,0.139833333333,455.984,457.683833333,786.6,439,209.2,1.79179954442,3.76003824092,1.71865367031,41.814920756,-4.2559984814,-118.778123008,23.088101202615444,6664.222222222223,1.55675069031455e-05,18.0,0.3498263888888889,0.0027761365379054006,1.0047173937083091
128,24,10,12.820925951,4.00608992577,2.17713499069,19.9308829308,0.790493011475,1.872,11.7541666667,433.479,447.105166667,786.6,439,209.2,1.79179954442,3.76003824092,1.75931762512,43.1597804899,-1.84627942293,-113.72139898,25.41822854285672,5546.888888888888,1.6889353590775343e-05,18.0,0.3693576388888889,0.0028366237922122016,1.006042334943323
128,24,22,8.56245088577,2.68617987633,1.43876504898,13.1721270084,0.773712873459,1.872,4.128,470.458,476.458,786.6,439,209.2,1.79179954442,3.76003824092,1.65093250612,39.428171879,-8.53257403189,-127.752390057,25.41822854285672,5546.888888888888,1.6889353590775343e-05,18.0,0.3693576388888889,0.0028366237922122016,1.006042334943323
128,24,34,8.59821891785,2.16354799271,1.10623192787,12.3269789219,0.784297943115,1.872,1.9655,471.474,475.3115,786.6,439,209.2,1.79179954442,3.76003824092,1.65491472434,39.5739257564,-8.27141230068,-127.204349904,25.41822854285672,5546.888888888888,1.6889353590775343e-05,18.0,0.3693576388888889,0.0028366237922122016,1.006042334943323
128,24,46,8.5992538929,1.9351348877,0.73641705513,11.7368459702,0.790880918503,1.872,0.865833333333,460.426,463.163833333,786.6,439,209.2,1.79179954442,3.76003824092,1.69831913329,41.1182515467,-5.50429005315,-121.397625876,25.41822854285672,5546.888888888888,1.6889353590775343e-05,18.0,0.3693576388888889,0.0028366237922122016,1.006042334943323
128,24,58,8.64265179634,1.67753005028,0.494989871979,11.2532548904,0.777573108673,1.872,0.402833333333,457.691,459.965833333,786.6,439,209.2,1.79179954442,3.76003824092,1.7101270203,41.5248114247,-4.77581624905,-119.868945188,25.41822854285672,5546.888888888888,1.6889353590775343e-05,18.0,0.3693576388888889,0.0028366237922122016,1.006042334943323
128,24,70,8.8881289959,1.56611585617,0.424108982086,11.3366718292,0.79955291748,1.872,0.272833333333,457.189,459.333833333,786.6,439,209.2,1.79179954442,3.76003824092,1.71247999367,41.6051572167,-4.63185269552,-119.566841938,25.41822854285672,5546.888888888888,1.6889353590775343e-05,18.0,0.3693576388888889,0.0028366237922122016,1.006042334943323
128,24,82,8.67940402031,1.50047183037,0.408794164658,11.0668301582,0.805438041687,1.872,0.2445,459.329,461.4455,786.6,439,209.2,1.79179954442,3.76003824092,1.70464334358,41.3367022629,-5.11287015945,-120.57624283,25.41822854285672,5546.888888888888,1.6889353590775343e-05,18.0,0.3693576388888889,0.0028366237922122016,1.006042334943323
128,24,94,8.60443902016,1.34195995331,0.340126991272,10.7641730309,0.868169784546,1.872,0.133,496.66,498.665,786.6,439,209.2,1.79179954442,3.76003824092,1.57741168921,36.6050088991,-13.5911161731,-138.367590822,25.41822854285672,5546.888888888888,1.6889353590775343e-05,18.0,0.3693576388888889,0.0028366237922122016,1.006042334943323
128,28,10,9.53353714943,3.58305883408,2.35732102394,15.9615180492,0.816236972809,2.184,11.1385,466.321,479.6435,786.6,439,209.2,1.79179954442,3.76003824092,1.63996801791,39.0232011187,-9.25820045558,-129.275095602,27.981756671958554,4256.444444444444,2.1692025369059455e-05,15.333333333333334,0.47265625,0.0036618125881561305,1.0066835076069152
128,28,22,9.27303504944,2.76459288597,1.68006491661,14.1735649109,0.777423858643,2.184,4.14883333333,499.678,506.010833333,786.6,439,209.2,1.79179954442,3.76003824092,1.55451217283,35.6711373845,-15.2644267274,-141.878983429,27.981756671958554,4256.444444444444,2.1692025369059455e-05,15.333333333333334,0.47265625,0.0036618125881561305,1.0066835076069152
128,28,34,9.37847495079,2.19376087189,1.11427497864,13.1410439014,0.781859874725,2.184,1.89916666667,489.916,493.999166667,786.6,439,209.2,1.79179954442,3.76003824092,1.59231037839,37.198173574,-12.5282839787,-136.137268961,27.981756671958554,4256.444444444444,2.1692025369059455e-05,15.333333333333334,0.47265625,0.0036618125881561305,1.0066835076069152
128,28,46,9.30082607269,2.0049021244,0.655721902847,12.4691529274,0.771885871887,2.184,0.765333333333,481.629,484.578333333,786.6,439,209.2,1.79179954442,3.76003824092,1.62326696406,38.3958386304,-10.3823082764,-131.634002549,27.981756671958554,4256.444444444444,2.1692025369059455e-05,15.333333333333334,0.47265625,0.0036618125881561305,1.0066835076069152
128,28,58,9.27664494514,1.92895197868,0.502828121185,12.191434145,0.794563055038,2.184,0.389666666667,480.846,483.419666667,786.6,439,209.2,1.79179954442,3.76003824092,1.62715763184,38.5431392491,-10.1183750949,-131.08014659,27.981756671958554,4256.444444444444,2.1692025369059455e-05,15.333333333333334,0.47265625,0.0036618125881561305,1.0066835076069152
128,28,70,9.20196819305,1.72557902336,0.426312923431,11.8569130898,0.817373991013,2.184,0.290666666667,481.234,483.708666667,786.6,439,209.2,1.79179954442,3.76003824092,1.62618545874,38.5063988474,-10.18420653,-131.218291906,27.981756671958554,4256.444444444444,2.1692025369059455e-05,15.333333333333334,0.47265625,0.0036618125881561305,1.0066835076069152
128,28,82,9.24292087555,1.66624593735,0.434872150421,11.7860991955,0.797811985016,2.184,0.262666666667,486.289,488.735666667,786.6,439,209.2,1.79179954442,3.76003824092,1.60945896453,37.8673192643,-11.3293090357,-133.621255577,27.981756671958554,4256.444444444444,2.1692025369059455e-05,15.333333333333334,0.47265625,0.0036618125881561305,1.0066835076069152
128,28,94,9.33769106865,1.66044998169,0.379081010818,11.8553991318,0.790187120438,2.184,0.134666666667,523.067,525.385666667,786.6,439,209.2,1.79179954442,3.76003824092,1.49718587679,33.2080261039,-19.6778283979,-151.140376036,27.981756671958554,4256.444444444444,2.1692025369059455e-05,15.333333333333334,0.47265625,0.0036618125881561305,1.0066835076069152
128,32,10,9.80553507805,3.6424138546,2.58523011208,16.5014340878,0.779095172882,2.688,11.0381666667,497.209,510.935166667,786.6,439,209.2,1.79179954442,3.76003824092,1.53952996646,35.0451097551,-16.3861427487,-144.232871256,28.31544991997663,4194.777777777778,1.2321289485897626e-05,14.333333333333334,0.2840711805555556,0.00345625140002356,1.0038161987507992
128,32,22,9.90572595596,2.85045981407,1.75379896164,14.9813230038,0.775921821594,2.688,4.39033333333,520.855,527.933333333,786.6,439,209.2,1.79179954442,3.76003824092,1.48996085364,32.884142724,-20.2581624905,-152.35818993,28.31544991997663,4194.777777777778,1.2321289485897626e-05,14.333333333333334,0.2840711805555556,0.00345625140002356,1.0038161987507992
128,32,34,9.85204100609,2.32953310013,1.09748601913,13.7869999409,0.818598031998,2.688,1.71616666667,504.426,508.830166667,786.6,439,209.2,1.79179954442,3.76003824092,1.54589890995,35.3127171794,-15.9066438876,-143.226657106,28.31544991997663,4194.777777777778,1.2321289485897626e-05,14.333333333333334,0.2840711805555556,0.00345625140002356,1.0038161987507992
128,32,46,9.77208590508,2.02338886261,0.690159082413,12.9798009396,0.802875995636,2.688,0.646333333333,501.814,505.148333333,786.6,439,209.2,1.79179954442,3.76003824092,1.55716637687,35.7807865073,-15.0679574791,-141.466698534,28.31544991997663,4194.777777777778,1.2321289485897626e-05,14.333333333333334,0.2840711805555556,0.00345625140002356,1.0038161987507992
128,32,58,9.72476291656,1.81491303444,0.527945041656,12.5277848244,0.798090934753,2.688,0.378,500.184,503.25,786.6,439,209.2,1.79179954442,3.76003824092,1.56304023845,36.0221205187,-14.6355353075,-140.559273423,28.31544991997663,4194.777777777778,1.2321289485897626e-05,14.333333333333334,0.2840711805555556,0.00345625140002356,1.0038161987507992
128,32,70,9.86209607124,1.87494111061,0.506690979004,12.7210040092,0.833530902863,2.688,0.331166666667,501.8,504.819166667,786.6,439,209.2,1.79179954442,3.76003824092,1.55818172514,35.822633274,-14.9929764617,-141.309353091,28.31544991997663,4194.777777777778,1.2321289485897626e-05,14.333333333333334,0.2840711805555556,0.00345625140002356,1.0038161987507992
128,32,82,9.79750299454,1.76461100578,0.480505943298,12.5529549122,0.767230987549,2.688,0.271666666667,513.202,516.161666667,786.6,439,209.2,1.79179954442,3.76003824092,1.52394114247,34.3806678532,-17.5766894457,-146.731198215,28.31544991997663,4194.777777777778,1.2321289485897626e-05,14.333333333333334,0.2840711805555556,0.00345625140002356,1.0038161987507992
128,32,94,9.87357616425,1.62131094933,0.391229152679,12.3266232014,0.788462877274,2.688,0.141,543.871,546.7,786.6,439,209.2,1.79179954442,3.76003824092,1.43881470642,30.4983473176,-24.5330296128,-161.328871893,28.31544991997663,4194.777777777778,1.2321289485897626e-05,14.333333333333334,0.2840711805555556,0.00345625140002356,1.0038161987507992
256,8,10,3.77307105064,5.37147212029,0.957173109055,10.592949152,0.756560087204,0.144,22.4456666667,173.124,195.713666667,786.6,439,209.2,1.79179954442,3.76003824092,4.01913680019,75.1190355115,55.4182991648,6.44662205226,6.605037863467665,34885.555555555555,2.2743319903987614e-05,31.0,0.484375,0.00395896778567733,1.0158690610543497
256,8,22,3.80763220787,4.20990085602,0.555322885513,9.01729416847,0.781327009201,0.144,6.70583333333,179.662,186.511833333,786.6,439,209.2,1.79179954442,3.76003824092,4.21742677632,76.2888592254,57.5143887623,10.8452039516,6.605037863467665,34885.555555555555,2.2743319903987614e-05,31.0,0.484375,0.00395896778567733,1.0158690610543497
256,8,34,3.82153511047,3.39007806778,0.321303129196,8.00311994553,0.757069826126,0.144,2.68433333333,200.177,203.005333333,786.6,439,209.2,1.79179954442,3.76003824092,3.87477504696,74.1920501737,53.7573272589,2.96112173359,6.605037863467665,34885.555555555555,2.2743319903987614e-05,31.0,0.484375,0.00395896778567733,1.0158690610543497
256,8,46,3.77477884293,2.60331082344,0.248981952667,7.06229901314,0.775475978851,0.144,1.23566666667,230.106,231.485666667,786.6,439,209.2,1.79179954442,3.76003824092,3.39805056325,70.5713619798,47.2697798026,-10.652804334,6.605037863467665,34885.555555555555,2.2743319903987614e-05,31.0,0.484375,0.00395896778567733,1.0158690610543497
256,8,58,3.7609500885,2.18949604034,0.204805850983,6.60712409019,0.802940130234,0.144,0.631333333333,235.924,236.699333333,786.6,439,209.2,1.79179954442,3.76003824092,3.32320327617,69.9085515722,46.0821564161,-13.1449968133,6.605037863467665,34885.555555555555,2.2743319903987614e-05,31.0,0.484375,0.00395896778567733,1.0158690610543497
256,8,70,3.82718300819,1.92315483093,0.178492069244,6.38383102417,0.784119844437,0.144,0.364,227.601,228.109,786.6,439,209.2,1.79179954442,3.76003824092,3.44835144602,71.0006356471,48.038952164,-9.03871892925,6.605037863467665,34885.555555555555,2.2743319903987614e-05,31.0,0.484375,0.00395896778567733,1.0158690610543497
256,8,82,3.81270599365,1.68279886246,0.15558886528,6.11437416077,0.791481018066,0.144,0.2095,226.057,226.4105,786.6,439,209.2,1.79179954442,3.76003824092,3.47422049772,71.2165649631,48.4258542141,-8.22681644359,6.605037863467665,34885.555555555555,2.2743319903987614e-05,31.0,0.484375,0.00395896778567733,1.0158690610543497
256,8,94,3.79142904282,1.11779999733,0.135774850845,5.49890804291,0.79424405098,0.144,0.0941666666667,250.208,250.446166667,786.6,439,209.2,1.79179954442,3.76003824092,3.14079472834,68.1609246546,42.9507593014,-19.716140854,6.605037863467665,34885.555555555555,2.2743319903987614e-05,31.0,0.484375,0.00395896778567733,1.0158690610543497
256,12,10,5.855946064,3.88322901726,1.34594798088,11.5759620667,0.743818998337,0.216,19.7965,247.343,267.3555,786.6,439,209.2,1.79179954442,3.76003824092,2.94215005863,66.0112509535,39.0989749431,-27.7989961759,14.374036060136648,15712.88888888889,8.154799232187329e-06,21.666666666666668,0.1987847222222222,0.004170628579307283,1.005568445562069
256,12,22,5.84763908386,2.64480304718,0.688386917114,9.64352107048,0.760813951492,0.216,5.29033333333,268.371,273.877333333,786.6,439,209.2,1.79179954442,3.76003824092,2.87208872098,65.1821340792,37.6133637054,-30.9165073295,14.374036060136648,15712.88888888889,8.154799232187329e-06,21.666666666666668,0.1987847222222222,0.004170628579307283,1.005568445562069
256,12,34,5.90898418427,2.22828006744,0.552568912506,9.14523005486,0.707772016525,0.216,2.015,301.652,303.883,786.6,439,209.2,1.79179954442,3.76003824092,2.58849623046,61.3675311467,30.7783599089,-45.2595602294,14.374036060136648,15712.88888888889,8.154799232187329e-06,21.666666666666668,0.1987847222222222,0.004170628579307283,1.005568445562069
256,12,46,5.84356617928,1.8218100071,0.416859149933,8.53289914131,0.760484933853,0.216,0.897833333333,321.249,322.362833333,786.6,439,209.2,1.79179954442,3.76003824092,2.44010760132,59.018200695,26.5688306758,-54.0931325685,14.374036060136648,15712.88888888889,8.154799232187329e-06,21.666666666666668,0.1987847222222222,0.004170628579307283,1.005568445562069
256,12,58,5.82655000687,1.69853496552,0.294924020767,8.32572197914,0.748371839523,0.216,0.446333333333,316.746,317.408333333,786.6,439,209.2,1.79179954442,3.76003824092,2.47819580456,59.6480633952,27.6974183751,-51.7248247291,14.374036060136648,15712.88888888889,8.154799232187329e-06,21.666666666666668,0.1987847222222222,0.004170628579307283,1.005568445562069
256,12,70,5.82237195969,1.42112803459,0.258527040482,7.98930501938,0.794703006744,0.216,0.2745,314.214,314.7045,786.6,439,209.2,1.79179954442,3.76003824092,2.49948761457,59.9918001526,28.3133257403,-50.4323613767,14.374036060136648,15712.88888888889,8.154799232187329e-06,21.666666666666668,0.1987847222222222,0.004170628579307283,1.005568445562069
256,12,82,5.89618206024,1.19956302643,0.235687017441,7.79924488068,0.821354866028,0.216,0.156666666667,318.987,319.359666667,786.6,439,209.2,1.79179954442,3.76003824092,2.46305367303,59.3999915247,27.2529233106,-52.6575844487,14.374036060136648,15712.88888888889,8.154799232187329e-06,21.666666666666668,0.1987847222222222,0.004170628579307283,1.005568445562069
256,12,94,5.94180512428,0.978304862976,0.203849077225,7.58566093445,0.786603927612,0.216,0.0903333333333,354.412,354.718333333,786.6,439,209.2,1.79179954442,3.76003824092,2.21753409983,54.9048648191,19.1985573273,-69.5594327597,14.374036060136648,15712.88888888889,8.154799232187329e-06,21.666666666666668,0.1987847222222222,0.004170628579307283,1.005568445562069
256,16,10,7.14256501198,3.58586001396,1.66062402725,12.8958628178,0.778180837631,0.312,18.2965,306.018,324.6265,786.6,439,209.2,1.79179954442,3.76003824092,2.42309238463,58.7304220697,26.0531890661,-55.1751912046,18.844374085706658,10169.666666666666,1.8162593582913863e-05,20.666666666666668,0.4112413194444444,0.0037792608828318163,1.007365784652862
256,16,22,7.11854219437,2.57651114464,0.920359134674,11.0950591564,0.775548934937,0.312,4.852,331.756,336.92,786.6,439,209.2,1.79179954442,3.76003824092,2.33467885551,57.1675565726,23.2528473804,-61.051625239,18.844374085706658,10169.666666666666,1.8162593582913863e-05,20.666666666666668,0.4112413194444444,0.0037792608828318163,1.007365784652862
256,16,34,7.06830596924,2.06732988358,0.70566701889,10.3162510395,0.760665893555,0.312,1.91183333333,362.712,364.935833333,786.6,439,209.2,1.79179954442,3.76003824092,2.15544741884,53.6059199932,16.8711085801,-74.4435149777,18.844374085706658,10169.666666666666,1.8162593582913863e-05,20.666666666666668,0.4112413194444444,0.0037792608828318163,1.007365784652862
256,16,46,7.07295703888,1.70767712593,0.452699899673,9.68295693398,0.807144880295,0.312,0.812833333333,375.269,376.393833333,786.6,439,209.2,1.79179954442,3.76003824092,2.08983232545,52.1492711247,14.2610858011,-79.920570427,18.844374085706658,10169.666666666666,1.8162593582913863e-05,20.666666666666668,0.4112413194444444,0.0037792608828318163,1.007365784652862
256,16,58,7.64272403717,1.91922616959,0.435554027557,10.545222044,0.840527057648,0.312,0.4385,371.598,372.3485,786.6,439,209.2,1.79179954442,3.76003824092,2.11253704527,52.6635519959,15.1825740319,-77.9868546845,18.844374085706658,10169.666666666666,1.8162593582913863e-05,20.666666666666668,0.4112413194444444,0.0037792608828318163,1.007365784652862
256,16,70,8.17492699623,1.74960613251,0.371950149536,10.9247200489,0.885532140732,0.312,0.282333333333,370.789,371.383333333,786.6,439,209.2,1.79179954442,3.76003824092,2.11802719562,52.7862530723,15.4024297646,-77.5254939452,18.844374085706658,10169.666666666666,1.8162593582913863e-05,20.666666666666668,0.4112413194444444,0.0037792608828318163,1.007365784652862
256,16,82,8.90738797188,1.3117711544,0.314814090729,11.0542550087,0.81241106987,0.312,0.183,377.864,378.359,786.6,439,209.2,1.79179954442,3.76003824092,2.07897790194,51.8994406306,13.8134396355,-80.8599426386,18.844374085706658,10169.666666666666,1.8162593582913863e-05,20.666666666666668,0.4112413194444444,0.0037792608828318163,1.007365784652862
256,16,94,11.4219970703,1.36533498764,0.3170170784,13.800039053,0.974703073502,0.312,0.114833333333,412.473,412.899833333,786.6,439,209.2,1.79179954442,3.76003824092,1.90506252727,47.5082846004,5.9453682612,-97.3708572339,18.844374085706658,10169.666666666666,1.8162593582913863e-05,20.666666666666668,0.4112413194444444,0.0037792608828318163,1.007365784652862
256,20,10,8.07072901726,3.64022397995,2.13083291054,14.3619279861,0.824465990067,0.39,17.2348333333,347.626,365.250833333,786.6,439,209.2,1.79179954442,3.76003824092,2.15358851565,53.5658742266,16.7993545938,-74.5940885915,22.41287775598721,7348.222222222222,1.1315854681565615e-05,15.333333333333334,0.2638888888888889,0.003697719490596946,1.0037554360442575
256,20,22,8.40295600891,2.71332097054,1.18957209587,12.8054280281,0.772966861725,0.39,4.69316666667,375.579,380.662166667,786.6,439,209.2,1.79179954442,3.76003824092,2.06639920875,51.6066403933,13.2888003037,-81.9608827279,22.41287775598721,7348.222222222222,1.1315854681565615e-05,15.333333333333334,0.2638888888888889,0.003697719490596946,1.0037554360442575
256,20,34,8.51519107819,2.208081007,0.764955997467,12.0026021004,0.82221198082,0.39,1.88833333333,398.784,401.062333333,786.6,439,209.2,1.79179954442,3.76003824092,1.96129113762,49.013179083,8.64183750949,-91.7123964308,22.41287775598721,7348.222222222222,1.1315854681565615e-05,15.333333333333334,0.2638888888888889,0.003697719490596946,1.0037554360442575
256,20,46,8.82245087624,1.87725710869,0.590181112289,11.8151731491,0.801226139069,0.39,0.843833333333,405.801,407.034833333,786.6,439,209.2,1.79179954442,3.76003824092,1.93251273744,48.2538986355,7.28135914958,-94.567319949,22.41287775598721,7348.222222222222,1.1315854681565615e-05,15.333333333333334,0.2638888888888889,0.003697719490596946,1.0037554360442575
256,20,58,8.54517507553,1.84232997894,0.508927106857,11.4561021328,0.94219994545,0.39,0.508,407.936,408.834,786.6,439,209.2,1.79179954442,3.76003824092,1.9240082772,48.0251716247,6.8715261959,-95.4273422562,22.41287775598721,7348.222222222222,1.1315854681565615e-05,15.333333333333334,0.2638888888888889,0.003697719490596946,1.0037554360442575
256,20,70,8.78116893768,1.50932407379,0.47030210495,11.2465519905,0.797534227371,0.39,0.316666666667,410.735,411.441666667,786.6,439,209.2,1.79179954442,3.76003824092,1.91181414943,47.6936604797,6.2775246773,-96.6738368388,22.41287775598721,7348.222222222222,1.1315854681565615e-05,15.333333333333334,0.2638888888888889,0.003697719490596946,1.0037554360442575
256,20,82,8.56490397453,1.38961195946,0.383922100067,10.8668961525,0.836317062378,0.39,0.2165,424.614,425.2205,786.6,439,209.2,1.79179954442,3.76003824092,1.84986377656,45.9419654208,3.13883826879,-103.260277247,22.41287775598721,7348.222222222222,1.1315854681565615e-05,15.333333333333334,0.2638888888888889,0.003697719490596946,1.0037554360442575
256,20,94,8.57176709175,1.29295682907,0.313146114349,10.6780099869,0.83438205719,0.39,0.0993333333333,470.289,470.778333333,786.6,439,209.2,1.79179954442,3.76003824092,1.6708500462,40.1502245953,-7.23880030372,-125.037444232,22.41287775598721,7348.222222222222,1.1315854681565615e-05,15.333333333333334,0.2638888888888889,0.003697719490596946,1.0037554360442575
256,24,10,9.66624498367,3.70969295502,2.47629189491,16.3961570263,0.906570911407,0.468,16.3378333333,377.742,394.547833333,786.6,439,209.2,1.79179954442,3.76003824092,1.99367461571,49.8413636749,10.125778284,-88.5983906947,25.14050850689632,5632.777777777777,4.3712397231696175e-06,13.333333333333334,0.11046006944444443,0.0029190667771801133,1.0011391669721252
256,24,22,9.22306895256,2.66162180901,1.25165605545,13.6193580627,0.853853940964,0.468,4.2695,410.825,415.5625,786.6,439,209.2,1.79179954442,3.76003824092,1.89285606858,47.1697813374,5.33883826879,-98.6436424474,25.14050850689632,5632.777777777777,4.3712397231696175e-06,13.333333333333334,0.11046006944444443,0.0029190667771801133,1.0011391669721252
256,24,34,9.36456298828,2.22262597084,0.935764789581,13.0204951763,0.825603961945,0.468,1.8465,429.041,431.3555,786.6,439,209.2,1.79179954442,3.76003824092,1.82355389,45.1620264429,1.74134396355,-106.192877629,25.14050850689632,5632.777777777777,4.3712397231696175e-06,13.333333333333334,0.11046006944444443,0.0029190667771801133,1.0011391669721252
256,24,46,9.4521150589,1.9781370163,0.623901128769,12.5656549931,0.802426099777,0.468,0.8505,437.282,438.6005,786.6,439,209.2,1.79179954442,3.76003824092,1.79343160804,44.2409738113,0.0910022779043,-109.656070746,25.14050850689632,5632.777777777777,4.3712397231696175e-06,13.333333333333334,0.11046006944444443,0.0029190667771801133,1.0011391669721252
256,24,58,9.55135083199,1.95085692406,0.571834087372,12.5543038845,0.872684001923,0.468,0.502,438.885,439.855,786.6,439,209.2,1.79179954442,3.76003824092,1.78831660434,44.0814899568,-0.194760820046,-110.255736138,25.14050850689632,5632.777777777777,4.3712397231696175e-06,13.333333333333334,0.11046006944444443,0.0029190667771801133,1.0011391669721252
256,24,70,10.0664041042,1.70047402382,0.460425138474,12.768584013,0.920907020569,0.468,0.323333333333,442.85,443.641333333,786.6,439,209.2,1.79179954442,3.76003824092,1.77305390841,43.6001356047,-1.05725132878,-112.065646909,25.14050850689632,5632.777777777777,4.3712397231696175e-06,13.333333333333334,0.11046006944444443,0.0029190667771801133,1.0011391669721252
256,24,82,9.63504290581,1.53107309341,0.453058958054,12.0884468555,0.992432832718,0.468,0.220333333333,458.966,459.654333333,786.6,439,209.2,1.79179954442,3.76003824092,1.71128594458,41.5644122383,-4.70485952923,-119.720044614,25.14050850689632,5632.777777777777,4.3712397231696175e-06,13.333333333333334,0.11046006944444443,0.0029190667771801133,1.0011391669721252
256,24,94,9.5989420414,1.4100689888,0.362609148026,11.8593010902,0.878761053085,0.468,0.1075,504.482,505.0575,786.6,439,209.2,1.79179954442,3.76003824092,1.55744642937,35.7923340961,-15.0472665148,-141.423279159,25.14050850689632,5632.777777777777,4.3712397231696175e-06,13.333333333333334,0.11046006944444443,0.0029190667771801133,1.0011391669721252
256,28,10,11.9319210052,4.25193309784,2.38584303856,19.2154688835,0.758940935135,0.546,15.7506666667,406.299,422.595666667,786.6,439,209.2,1.79179954442,3.76003824092,1.86135368165,46.2756589541,3.73675018983,-102.005576801,26.437341404985514,4939.222222222222,1.1290414078482982e-05,13.666666666666666,0.2562934027777778,0.002463951567877531,1.0020133200551686
256,28,22,9.73159098625,2.86066794395,1.34351420403,14.4358510971,0.79513502121,0.546,4.371,435.785,440.702,786.6,439,209.2,1.79179954442,3.76003824092,1.78487957849,43.9738113399,-0.387699316629,-110.660611855,26.437341404985514,4939.222222222222,1.1290414078482982e-05,13.666666666666666,0.2562934027777778,0.002463951567877531,1.0020133200551686
256,28,34,9.63643598557,2.32810306549,0.936596870422,13.428085804,0.805829048157,0.546,1.71383333333,451.841,454.100833333,786.6,439,209.2,1.79179954442,3.76003824092,1.73221439438,42.2704254598,-3.43982536067,-117.065407903,26.437341404985514,4939.222222222222,1.1290414078482982e-05,13.666666666666666,0.2562934027777778,0.002463951567877531,1.0020133200551686
256,28,46,9.6256840229,2.09779000282,0.702634096146,12.948292017,0.853127002716,0.546,0.808833333333,459.336,460.690833333,786.6,439,209.2,1.79179954442,3.76003824092,1.70743575319,41.4326425968,-4.94096431283,-120.215503505,26.437341404985514,4939.222222222222,1.1290414078482982e-05,13.666666666666666,0.2562934027777778,0.002463951567877531,1.0020133200551686
256,28,58,9.66192102432,1.97361207008,0.567983865738,12.6795220375,0.790522098541,0.546,0.518333333333,463.2,464.264333333,786.6,439,209.2,1.79179954442,3.76003824092,1.694293409,40.9783456225,-5.75497342445,-121.923677502,26.437341404985514,4939.222222222222,1.1290414078482982e-05,13.666666666666666,0.2562934027777778,0.002463951567877531,1.0020133200551686
256,28,70,9.64442896843,1.72103404999,0.470654010773,12.3662450314,0.840379953384,0.546,0.3285,469.548,470.4225,786.6,439,209.2,1.79179954442,3.76003824092,1.67211389761,40.1954614798,-7.15774487472,-124.867351816,26.437341404985514,4939.222222222222,1.1290414078482982e-05,13.666666666666666,0.2562934027777778,0.002463951567877531,1.0020133200551686
256,28,82,9.99028205872,1.62850022316,0.416834115982,12.5063509941,0.810409069061,0.546,0.214666666667,492.072,492.832666667,786.6,439,209.2,1.79179954442,3.76003824092,1.59607926423,37.3464700398,-12.2625664389,-135.579668579,26.437341404985514,4939.222222222222,1.1290414078482982e-05,13.666666666666666,0.2562934027777778,0.002463951567877531,1.0020133200551686
256,28,94,9.98713612556,1.42770910263,0.367733001709,12.4214100838,0.839027166367,0.546,0.124666666667,525.33,526.000666667,786.6,439,209.2,1.79179954442,3.76003824092,1.495435367,33.129841512,-19.817919514,-151.434353091,26.437341404985514,4939.222222222222,1.1290414078482982e-05,13.666666666666666,0.2562934027777778,0.002463951567877531,1.0020133200551686
256,32,10,10.381759882,3.93751811981,2.51308202744,17.351197958,0.774811983109,0.672,14.5783333333,432.779,448.029333333,786.6,439,209.2,1.79179954442,3.76003824092,1.75568861563,43.0422917196,-2.05679574791,-114.163161249,27.26401930298552,4669.777777777777,1.0505191147522713e-05,12.333333333333334,0.2421875,0.00294387745467789,1.0016077304701432
256,32,22,11.4863810539,3.03530883789,1.80116510391,16.8065369129,0.984434843063,0.672,4.2895,460.573,465.5345,786.6,439,209.2,1.79179954442,3.76003824092,1.68967069036,40.8168700737,-6.04430523918,-122.53083174,27.26401930298552,4669.777777777777,1.0505191147522713e-05,12.333333333333334,0.2421875,0.00294387745467789,1.0016077304701432
256,32,34,11.724864006,2.37760901451,0.976058006287,15.5515098572,0.832345962524,0.672,1.69033333333,474.123,476.485333333,786.6,439,209.2,1.79179954442,3.76003824092,1.65083780123,39.4246970082,-8.53880030372,-127.765455704,27.26401930298552,4669.777777777777,1.0505191147522713e-05,12.333333333333334,0.2421875,0.00294387745467789,1.0016077304701432
256,32,46,10.9422178268,2.35213208199,0.872345924377,14.7327740192,0.844506025314,0.672,0.801166666667,479.476,480.949166667,786.6,439,209.2,1.79179954442,3.76003824092,1.63551588092,38.8572124756,-9.55561883068,-129.899219248,27.26401930298552,4669.777777777777,1.0505191147522713e-05,12.333333333333334,0.2421875,0.00294387745467789,1.0016077304701432
256,32,58,11.5717270374,2.02376389503,0.673238039017,14.758947134,0.975391864777,0.672,0.502166666667,483.213,484.387166667,786.6,439,209.2,1.79179954442,3.76003824092,1.62390759733,38.4201415374,-10.3387623386,-131.54262269,27.26401930298552,4669.777777777777,1.0505191147522713e-05,12.333333333333334,0.2421875,0.00294387745467789,1.0016077304701432
256,32,70,11.8064239025,1.89787006378,0.566275119781,14.806636095,1.06823205948,0.672,0.32,493.734,494.726,786.6,439,209.2,1.79179954442,3.76003824092,1.58997101426,37.1057716756,-12.6938496583,-136.484703633,27.26401930298552,4669.777777777777,1.0505191147522713e-05,12.333333333333334,0.2421875,0.00294387745467789,1.0016077304701432
256,32,82,11.8871531487,1.69397592545,0.453613996506,14.4933919907,0.872532844543,0.672,0.1945,520.907,521.7735,786.6,439,209.2,1.79179954442,3.76003824092,1.5075506901,33.667238749,-18.8550113895,-149.413718929,27.26401930298552,4669.777777777777,1.0505191147522713e-05,12.333333333333334,0.2421875,0.00294387745467789,1.0016077304701432
256,32,94,11.3973050117,1.63742804527,0.393171072006,13.9277079105,0.949255943298,0.672,0.142,539.32,540.134,786.6,439,209.2,1.79179954442,3.76003824092,1.45630528721,31.3330790745,-23.037357631,-158.190248566,27.26401930298552,4669.777777777777,1.0505191147522713e-05,12.333333333333334,0.2421875,0.00294387745467789,1.0016077304701432







